Mostafa,Elhanoun,Stada,"Pharmacist ",mostafa.elhanoun@stada.com,0564095010
Mohamed,Morshed,Sdi,"IT ",mohamedsaid1433@gmail.com,0506021326
Hamada,Eldouh,"R & D",Dermocosmetic,hamada.eldouh@gmail.com,+33658411024
Maha,Mubaidein,Privat,Medicine,mahaissa2008@gmail.com,0549878708
Issa,Azzam,Faqeeh,Dermatology,issa65@yahoo.com,0549878708
Samar,Shosha,"Dr Suliman alhabib hospital",Dermatology,shoshasamar4@gmail.com,0508971351
Reham,Osman,Smc,"Dermatology ",rehamosman18@gmail.com,0566052293
Basma,Ragab,"Qassim national hospital",Dermatology,basmaragab75@yahoo.com,0545199212
Thamar,Elkhawaga,Infinity,"Dermatology ",elthamar1871985@gmail.com,0533584815
Mohamed,Eleraqy,"smch ","Dermatology ",sphinxegypty@yahoo.com,0540052851
Asma,Sikander,"Medical world polyclinic","General physician",asmafree67@yahoo.com,0501779421
Mohammed,Alraddadi,Hmg,Dermatology,dr.mo.alraddadi@gmail.com,0581876666
Amira,Elboraei,Prozone,Dermatologist,amira.alboraei@yahoo,0580160421
Rima,Aboukheir,"Kingdom hospital",Dermatology,abkrima@gmail.com,0506192785
Chaima,Kouki,"Dr Sulaiman alhabib nakheel",Dermatologist,koukichaima2311@gmail.com,0539170806
Sawsan,Mohamed,Dallah,Derma,sawsanothman85@yahoo.com,0501979967
Rania,Almahrous,Hmg,Dermatologist,al_mahrous64@hotmail.com,0557334688
Samar,Saeed,"Kaya rawdah","Dermatology senior registrar",samarashmawy88@gmail.com,0508659411
Basem,Adada,"Alzajeera hospital","Dermatology ",drbasem@gmail.com,0563245642
Nezar,"El tarras","How polyclinic",Derma,eltarrasyahya@gmail.com,0542725601
Ismail,Gohar,"Al Habib pharmacy",BA,goharsoma@gmail.com,0535146277
Mohamed,Ramzy,"Soliman elhabib",Doctor,mohamed.ramsy7272@gmail.com,0570597742
Mohamed,Samir,Alhabib,Pharmcistr,mohamedsamir3361@gmiail.com,0540493958
Ahmed,Sami,"Dr hijazy medical center",Derma,dr.ahmedsami2010@yahoo.com,0531832638
Nabila,Ali,Smc,"Dermatologist ",nabiladr@hotmail.com,0500964161
Salma,Eid,"El nozha hospital",Ophthalmology,salmaeid19@gmail.com,0531832638
Kenana,Ghassan,"New you clinic",Dermatologist,doctor_dermatologist@hotmail.com,0554382922
Noha,Ali,"Dr Suliman alhabib",Dermatology,alinuha26@gmail.com,0567247475
Eslam,Ghazal,M.o.h,Derma,islamghazal@gmail.com,0557818218
"Shaza ",Khalid,"Qartier  clinc",Dermatology,shazakhalid25@hotmail.com,0533092928
"Emadeldin ",Ghozy,"Military hospital","F m",emadghozy@yahoo.com,0534043332
Asmaa,Agag,"A clinic",Dermatologist,drsama14041984@gmail.com,0541472673
M.fahed,"g. Aswad",Kh&cc,"Dermatologist ",M.fahedhedg.aswed@gmail.com,0502469947
Mona,Hekal,"Aster Sanad hospital","Registered dermatologist",monahekal815@yahoo.com,0547389505
Nasser,Saker,"Altaawin alkharj","Dermatology ",nassersaker@yahoo.com,0502223146
Sulaf,Abdalla,Dalla,Dermatology,solafaabdalla29@gmail.com,0567650876
Marwa,Elshowel,"Meras clinic","Dermatologist ",marwawalid2013@gmail.com,0566315908
Mervat,Gabra,"Prince Sattam Ben Abd alaziz university hospital ",Physcian,dr.mgabra@gmail.com,0509253216
Ahmed,Alrumih,"Alhabib hospital ","Dermatology ",ahmedalrumih@gmail.com,0504130208
Ghada,Gabra,"Suttam hospital university ",Physicaln,ghada.gabra@yahoo.com,0557967138
Islam,Rashad,Cidic,"Dermatology ",islamrashadabdou@gmail.com,0501105564
Noura,Alsubei,Media,Neuro,loveamo2008@hotmail.com,0536400522
Nada,Alwaznah,Stada,"Activation manager",nda.z.w@hotmail.com,0564958620
"Manal ",Tageldin,"Star smile",Dermatologist,ma_mo1984@yahoo.com,0530758367
Abobakr,Mohamed,Stada,Pharmacist,abobakr.nabil@stada.com,0548916626
"Ahmed ",Mandour,Hmg,"Pharmacist ",ahmedragheb229@gmail.com,0501104289
Ahmed,Shaban,HMG,Pharmacist,ahmedshaaban055@gmail.com,0562186467
"Mohammed ",Tolan,Hmg,"Pharmacist ",mohamedtolan248@gmail.com,0546402966
Dina,Elghetany,"Stars smile",Derma,dinamelghetany@gmail.com,0599578582
Hossam,Shaban,Hmg,Ph,hossamalrawda08@gmail.com,0548903773
Misk,Alshreef,Mooler,Moler,e1415ee@gmail.c0m,0567677373
Mohammad,Alrifai,"HMC - Alnarjas",Dermatology,dr.mhmdrifai@gmail.com,0582881888
Oumayma,Mani,"Habit center narjiss","Dermatology ",oumaymamani3@gmail.com,0534064074
Izzedeen,Almomani,"HMG narjes","Dermatology ",azodeen@gmail.com,0510198386
"Diana gamal",Foad,"Ok clinic",Dermatology,drdayanagamal@gmail.com,0557113627
"Dr Syed",Khizar,"Sulaiman Al Habib","Dermatology ",drsyedkhizar@hotmail.com,0530039395
Ali,Mahmoud,Hamadi,Derma,alihm600700@hotmail.com,0549823271
Seham,Elshamy,"Pearl clinic","Skin care ",seham.elshamy94@gmail.com,0509823631
Sally,Atef,"دوائك الطبي","Dermatologist ",drsallyshabrawy@gmail.com,0500840562
Neveen,Sharaf,Aljafel,Derma,nohatarrek7@gmail.com,0544678105
"Alas ",Saleh,DRK,"Dermatology ",alaa.zaghloul84@gmail.com,0502285417
